month,subreddit,post_count,total_score,avg_score,total_comments,avg_comments,avg_upvote_ratio,top_post_title,top_post_score
2022-01,buildabear,710,19712,27.8,3015,4.2,0.968,Just saw this on Facebook 😭😭😭!!!,199
2022-02,buildabear,1016,28986,28.5,5695,5.6,0.948,"don’t talk to me or my son or my son’s son ever again! also, don’t talk to our cat!",233
2022-03,buildabear,1259,34156,27.1,6241,5.0,0.945,BAB groups today be like,259
2022-04,buildabear,735,18941,25.8,3725,5.1,0.925,Adventures with Tim!,216
2022-05,buildabear,1080,27007,25.0,6177,5.7,0.929,Since BAB is selling both a cow and an alien it had to be done!!,257
2022-06,buildabear,912,28076,30.8,4502,4.9,0.935,Rainbow frog is here! The colors look amazing in person. Name suggestions welcome!,243
2022-07,buildabear,827,21090,25.5,4629,5.6,0.941,"little working man, toast!",188
2022-08,buildabear,1123,29526,26.3,6418,5.7,0.938,My boy with his top surgery scars. Isn't he handsome?,230
2022-09,buildabear,1205,34464,28.6,7658,6.4,0.944,Froggie fairy went on an adventure 💖✨,251
2022-10,buildabear,1537,45939,29.9,9475,6.2,0.932,I dyed a polar bear to make them look like Bear in the Big Blue House,348
2022-11,buildabear,1285,38628,30.1,7688,6.0,0.94,Build A bear reposted my costume on their IG! I'm honestly crying this is so cool! I had to share with you all!,293
2022-12,buildabear,1175,35224,30.0,6840,5.8,0.932,Tie Dye pink frog coming soon 🐸,365
2023-01,buildabear,1911,59677,31.2,12767,6.7,0.913,He is here and he is beautiful! 🥰,430
2023-02,buildabear,2344,75030,32.0,16348,7.0,0.911,Cinnamoroll on a budget..,474
2023-03,buildabear,1896,64149,33.8,14696,7.8,0.926,My Official Custom From Build a Bear Corporate! I won an auction at their 25th anniversary gala to create my own custom ,1089
2023-04,buildabear,1606,71253,44.4,12465,7.8,0.954,Maybe a little cringe but I gave my guy top surgery scars :)🏳️‍⚧️🐸,1544
2023-05,buildabear,1794,94818,52.9,15776,8.8,0.944,Cabbage Patch Kids clothes fit regular size BABs if anyone was wondering!,802
2023-06,buildabear,2182,115605,53.0,20194,9.3,0.922,They are literally girlfriends!!!,1158
2023-07,buildabear,2529,130234,51.5,20739,8.2,0.939,Had these leaks sent to me :),1422
2023-08,buildabear,2011,84874,42.2,14414,7.2,0.948,pumpkin kitty!! 🎃,608
2023-09,buildabear,2784,103477,37.2,17725,6.4,0.931,pumpkin kitties. 🎃 who here was able to snag one?,869
2023-10,buildabear,2090,91786,43.9,14438,6.9,0.95,My bf and i broke up last week. I found out he’s been cheating on me for over a month. We had made plans to make my firs,680
2023-11,buildabear,2176,96823,44.5,15426,7.1,0.941,Dog attack fatality 💀😭,680
2023-12,buildabear,1683,68793,40.9,11837,7.0,0.957,Build a Bear Autism Creature,851
2024-01,buildabear,2269,83231,36.7,16253,7.2,0.963,Dr.Greenbean at your service! Chemo Round One: Fight!🥊,1011
2024-02,buildabear,2101,106432,50.7,17583,8.4,0.955,Was unstuffing a thrift find and….,2063
2024-03,buildabear,2173,110681,50.9,4475,2.1,0.996,This Is Surprisingly Thoughtful,1490
2024-04,buildabear,1600,98816,61.8,13522,8.5,0.949,visited a heritage store today 😭,1165
2024-05,buildabear,1810,103207,57.0,15179,8.4,0.955,I snuck my sister's BAB to her college graduation :),1563
2024-06,buildabear,2025,108403,53.5,17300,8.5,0.953,To everyone who managed to get Mothman this morning…,1453
2024-07,buildabear,2398,134361,56.0,19149,8.0,0.963,I got devastating medical news pls show me your babs,1611
2024-08,buildabear,3552,197814,55.7,29687,8.4,0.96,Probably one of my best finds. 🐈🎃,1385
2024-09,buildabear,2556,177712,69.5,21839,8.5,0.962,Last day for our bear tub :(,4426
2024-10,buildabear,3446,217906,63.2,26936,7.8,0.952,this is mcgriddle and I have a terrible confession,2192
2024-11,buildabear,2929,184642,63.0,22543,7.7,0.964,Sherbet is offering hugs to anyone mourning the election results ,3258
2024-12,buildabear,2369,139172,58.7,15851,6.7,0.955,My partner got me a custom Mocha and she couldn’t be more perfect! 🤎☕️🌸,1117
2025-01,buildabear,2837,186998,65.9,21494,7.6,0.955,My boyfriend took me to get matching build a bears for mg 15th birthday!! ,2485
2025-02,buildabear,2478,175073,70.7,20312,8.2,0.957,Made a cashier laugh at target,4703
2025-03,buildabear,2520,171558,68.1,19438,7.7,0.966,SHUT UP!!!,2141
2025-04,buildabear,1958,135836,69.4,17621,9.0,0.959,my boy is here but...,2624
2025-05,buildabear,2353,174753,74.3,21221,9.0,0.962,"Made a light-hearted meme for everyone who asks some variation of ""is it weird to bring my stuffed friend in public?"" 😊💜",3174
2025-06,buildabear,1794,143596,80.0,14778,8.2,0.965,I JUST FOUND THIS FOR 25 CENTS AT A YARD SALE 😭,3801
2025-07,buildabear,2152,163289,75.9,19319,9.0,0.963,lol another leak?? From lil ol me??,1877
2025-08,buildabear,3448,240347,69.7,28499,8.3,0.96,Everyone meet Graham Cracker!!,2848
2025-09,buildabear,2533,158858,62.7,21115,8.3,0.942,a birthday build a bear trip in 2006!,2328
2025-10,buildabear,2203,173959,79.0,18726,8.5,0.957,So Happy They Got It Wrong!,5828
2025-11,buildabear,2153,135630,63.0,19575,9.1,0.95,OKAY ITS HAPPENING EVERYBODY STAY CALM,2056
2025-12,buildabear,1799,93739,52.1,13753,7.6,0.957,Build a Bear unionizing!,1345
2026-01,buildabear,2001,119676,59.8,15467,7.7,0.964,Custom Strawberry Pochacco!🍓,1480
2026-02,buildabear,1478,99468,67.3,11302,7.6,0.972,EEEEEK,1472
2026-03,buildabear,1759,121639,69.2,12358,7.0,0.969,"Yes, I am a man. Yes, I do turn 30 this year. No, I don't regret a thing.",2787
2022-01,squishmallows,144,1518,10.5,478,3.3,0.907,My 8 year old started collecting Squishmallows right before Halloween. She wanted me to share her collection. We are mis,69
2022-02,squishmallows,173,1786,10.3,606,3.5,0.929,I think it’s safe to say I’ve had a lucky week,88
2022-03,squishmallows,295,3192,10.8,1207,4.1,0.94,but i still love them </3,100
2022-04,squishmallows,276,2858,10.4,743,2.7,0.94,does anyone else’s bf do this?,92
2022-05,squishmallows,290,3953,13.6,1089,3.8,0.925,My whole collection💕🥹,108
2022-06,squishmallows,282,2862,10.1,1222,4.3,0.906,I made a custom Mothman squish and I love him so much 🥲 I can make a few more if anyone would like to buy one! He’s made,115
2022-07,squishmallows,303,2708,8.9,1502,5.0,0.887,i believe in pink squish supremacy (≧◡≦) ♡,99
2022-08,squishmallows,328,3002,9.2,1329,4.1,0.902,The Disney Princess squishmallows really be lookin like no neck Ed 😅😅😅😅😅,101
2022-09,squishmallows,261,3332,12.8,1113,4.3,0.876,I finally got lucky!! 😭❤️💞,124
2022-10,squishmallows,274,2701,9.9,971,3.5,0.875,Just missing two (4” capsule and 12” OG). OTTO ARMY!!!,80
2022-11,squishmallows,244,2287,9.4,717,2.9,0.854,Getting ready for Christmas 🎄,101
2022-12,squishmallows,186,2565,13.8,642,3.5,0.871,My new TV setup,84
2023-01,squishmallows,282,3191,11.3,885,3.1,0.916,My office is now finished and I’m in love!,91
2023-02,squishmallows,255,3283,12.9,997,3.9,0.914,My Squishmallow Birthday Cake!,121
2023-03,squishmallows,234,2472,10.6,730,3.1,0.911,I got the dumb gummy bear😭💚,105
2023-04,squishmallows,177,2097,11.8,718,4.1,0.934,"We cannot escape, we cannot come out... Mumma",99
2023-05,squishmallows,223,2140,9.6,753,3.4,0.965,i got all of these squish for $40. Was it worth it?,163
2023-06,squishmallows,219,1960,8.9,672,3.1,0.938,Is this too much to ask for? Raichu Squishmallow Edits,121
2023-07,squishmallows,188,2269,12.1,697,3.7,0.905,Should I sell these?,174
2023-08,squishmallows,218,1709,7.8,684,3.1,0.887,"Did I, a thirty one year old woman, drive an hour round trip for a Bluey Hugmee and then celebrate with mac and cheese?…",139
2023-09,squishmallows,222,1680,7.6,523,2.4,0.922,I ordered 8 and got 8 of the same one 😢,67
2023-10,squishmallows,214,3967,18.5,1089,5.1,0.876,My store has been stocked like this for a week!! Does no one want these babies?! :(,1836
2023-11,squishmallows,171,2045,12.0,951,5.6,0.82,This is sad,209
2023-12,squishmallows,198,2408,12.2,453,2.3,0.916,Found this guy today!,137
2024-01,squishmallows,295,6544,22.2,981,3.3,0.872,what do i do? my friend left this here on purpose.,2181
2024-02,squishmallows,222,5076,22.9,822,3.7,0.933,I officially hit 100 Squish 🎉,210
2024-03,squishmallows,231,2115,9.2,429,1.9,0.996,Any suggestions for my purples? Preferably 5”.,67
2024-04,squishmallows,138,1910,13.8,394,2.9,0.946,‼️Girlfriend is parting ways with prized cat collection‼️,110
2024-05,squishmallows,154,3040,19.7,536,3.5,0.95,What should her name be? Got her as a gift,538
2024-06,squishmallows,215,2301,10.7,522,2.4,0.908,Has anyone ever seen this one before? They don't even have a name!,132
2024-07,squishmallows,107,2180,20.4,391,3.7,0.954,"What are people's thoughts on the aliens, I wasn't sure to start with but she's really cute ",149
2024-08,squishmallows,186,5985,32.2,874,4.7,0.962,I found the cactus cat today and she's so cute ,482
2024-09,squishmallows,103,4703,45.7,438,4.3,0.971,Husband and I’s collection ,371
2024-10,squishmallows,123,5936,48.3,611,5.0,0.971,✨My collection✨🔮,350
2024-11,squishmallows,100,4196,42.0,289,2.9,0.977,"I'm not big on Christmas squish, but I had to have ✨️ HER ✨️💕",330
2024-12,squishmallows,98,3674,37.5,221,2.3,0.96,Finally got all of my squish unpacked at my new house!,407
2025-01,squishmallows,95,3523,37.1,247,2.6,0.964,Hello! I don’t know a lot about Squishmallows but I found this guy at my local Goodwill and noticed this ‘First to Marke,227
2025-02,squishmallows,73,3624,49.6,304,4.2,0.974,For Valentine's this year my fiancé got me my dream Clefairy 🖤💜,395
2025-03,squishmallows,71,3953,55.7,228,3.2,0.977,Immediately coming tf home with me🐱,773
2025-04,squishmallows,41,2200,53.7,123,3.0,0.962,I finally got all sizes of my favorite girl 🩷🥺,533
2025-05,squishmallows,48,1792,37.3,92,1.9,0.956,I scored Noodles off marketplace for $5 🥰💛,146
2025-06,squishmallows,36,1071,29.8,95,2.6,0.963,"Sooo, this is a real thing...",303
2025-07,squishmallows,35,666,19.0,69,2.0,0.949,scored this baby at Goodwill for only five dollars,111
2025-08,squishmallows,41,694,16.9,58,1.4,0.96,New shelf for SOME of my cat squishes!,113
2025-09,squishmallows,56,1123,20.1,115,2.1,0.938,Birthday countdown!,105
2025-10,squishmallows,48,956,19.9,63,1.3,0.937,selling these to pay for my bill so i can get my  cats ashes,189
2025-11,squishmallows,39,1654,42.4,163,4.2,0.92,Who do I get,313
2025-12,squishmallows,44,1114,25.3,71,1.6,0.968,My first Squishmallow that I got last year for Christmas,117
2026-01,squishmallows,35,1121,32.0,63,1.8,0.965,"New Year, new relatives?🤔",148
2026-02,squishmallows,55,1652,30.0,142,2.6,0.967,My Junie/Banana collection 🍌💛,412
2026-03,squishmallows,28,325,11.6,40,1.4,0.952,A couple weeks late but I now have Caparinne and Cupid 💘💕,43
2022-01,stuffedanimals,0,0,0,0,0,0,,0
2022-02,stuffedanimals,0,0,0,0,0,0,,0
2022-03,stuffedanimals,0,0,0,0,0,0,,0
2022-04,stuffedanimals,0,0,0,0,0,0,,0
2022-05,stuffedanimals,0,0,0,0,0,0,,0
2022-06,stuffedanimals,0,0,0,0,0,0,,0
2022-07,stuffedanimals,0,0,0,0,0,0,,0
2022-08,stuffedanimals,0,0,0,0,0,0,,0
2022-09,stuffedanimals,0,0,0,0,0,0,,0
2022-10,stuffedanimals,0,0,0,0,0,0,,0
2022-11,stuffedanimals,0,0,0,0,0,0,,0
2022-12,stuffedanimals,0,0,0,0,0,0,,0
2023-01,stuffedanimals,0,0,0,0,0,0,,0
2023-02,stuffedanimals,0,0,0,0,0,0,,0
2023-03,stuffedanimals,0,0,0,0,0,0,,0
2023-04,stuffedanimals,0,0,0,0,0,0,,0
2023-05,stuffedanimals,0,0,0,0,0,0,,0
2023-06,stuffedanimals,0,0,0,0,0,0,,0
2023-07,stuffedanimals,0,0,0,0,0,0,,0
2023-08,stuffedanimals,0,0,0,0,0,0,,0
2023-09,stuffedanimals,0,0,0,0,0,0,,0
2023-10,stuffedanimals,0,0,0,0,0,0,,0
2023-11,stuffedanimals,0,0,0,0,0,0,,0
2023-12,stuffedanimals,0,0,0,0,0,0,,0
2024-01,stuffedanimals,99,750,7.6,167,1.7,0.95,Look What I Found At My Ross!,45
2024-02,stuffedanimals,116,1414,12.2,357,3.1,0.937,My collection!!,46
2024-03,stuffedanimals,122,1084,8.9,216,1.8,0.994,Day 7 of showing all my FAVORITE stuffed animals!!!!,35
2024-04,stuffedanimals,91,904,9.9,199,2.2,0.963,Help me name this dynamic duo! ,37
2024-05,stuffedanimals,95,800,8.4,233,2.5,0.95,could anyone please help me find this stuffed chicken?? I really want to buy it,34
2024-06,stuffedanimals,153,1813,11.8,605,4.0,0.943,A striped hyena created by me,223
2024-07,stuffedanimals,131,1713,13.1,428,3.3,0.961,Look at all these cute plushies at my local toy store! Which one would you pick to take home? And what would you name th,62
2024-08,stuffedanimals,159,1861,11.7,505,3.2,0.967,Can I make my boy fluffy again?,66
2024-09,stuffedanimals,153,2539,16.6,496,3.2,0.966,I got a new friend and I need a name for him!,115
2024-10,stuffedanimals,187,4012,21.5,885,4.7,0.968,How to get spray paint off stuffed animal?,454
2024-11,stuffedanimals,193,3355,17.4,576,3.0,0.963,My psychiatrist said I could keep this guy what do I name him ,221
2024-12,stuffedanimals,287,8983,31.3,1000,3.5,0.969,"I need help, trying to find my childhood stuffed animal.",564
2025-01,stuffedanimals,286,5340,18.7,796,2.8,0.956,Made a lil buddy and just wanted to show him to you!,158
2025-02,stuffedanimals,309,8462,27.4,1814,5.9,0.96,"For Christmas this year, I got the men in my life their childhood stuffies",502
2025-03,stuffedanimals,338,8755,25.9,1793,5.3,0.961,Just sorted my stuffed animals into new shelf,569
2025-04,stuffedanimals,342,11882,34.7,2455,7.2,0.954,please help me find my best friend,1188
2025-05,stuffedanimals,559,36992,66.2,4322,7.7,0.957,Adopted our daughter in 2010 and this was the only thing she had,8537
2025-06,stuffedanimals,521,23380,44.9,2694,5.2,0.952,fell in love at a gas station,1093
2025-07,stuffedanimals,419,8646,20.6,1573,3.8,0.951,Need help identifying a plush I found at the thrift,279
2025-08,stuffedanimals,472,11032,23.4,2138,4.5,0.952,To be loved is to be changed - show off your well-loved friends in the comments 🤍,667
2025-09,stuffedanimals,427,11810,27.7,1887,4.4,0.943,Please help me find this? My child loves it but it belongs to the library.,676
2025-10,stuffedanimals,416,9331,22.4,1288,3.1,0.955,I found this little guy at the grocery tonight and just couldn’t leave him behind 🥹,436
2025-11,stuffedanimals,432,19196,44.4,1946,4.5,0.948,My grandma said “I don’t understand why they’d make a demon toy”,2397
2025-12,stuffedanimals,496,16438,33.1,2713,5.5,0.964,:) you will appreciate my Bear. Found him sleeping in the Goodwill.,1026
2026-01,stuffedanimals,525,19583,37.3,2606,5.0,0.967,Made a 6ft Penguin Plushie !! How is it ?,1360
2026-02,stuffedanimals,497,14629,29.4,2114,4.3,0.96,"Rest in Peace, Benny.",1264
2026-03,stuffedanimals,480,16424,34.2,2278,4.7,0.946,please help me find my lamb,2269
